Number,Title,Link,Premium,Acceptance,Difficulty
1,Two Sum,https://leetcode.com/problems/two-sum/,FALSE,50.00%,Easy
2,Add Two Numbers,https://leetcode.com/problems/add-two-numbers/,FALSE,40.60%,Medium
3,Longest Substring Without Repeating Characters,https://leetcode.com/problems/longest-substring-without-repeating-characters/,FALSE,33.80%,Medium
4,Median of Two Sorted Arrays,https://leetcode.com/problems/median-of-two-sorted-arrays/,FALSE,36.50%,Hard
5,Longest Palindromic Substring,https://leetcode.com/problems/longest-palindromic-substring/,FALSE,32.40%,Medium
6,Zigzag Conversion,https://leetcode.com/problems/zigzag-conversion/,FALSE,45.10%,Medium
7,Reverse Integer,https://leetcode.com/problems/reverse-integer/,FALSE,27.60%,Medium
8,String to Integer (atoi),https://leetcode.com/problems/string-to-integer-atoi/,FALSE,16.60%,Medium
9,Palindrome Number,https://leetcode.com/problems/palindrome-number/,FALSE,53.80%,Easy
10,Regular Expression Matching,https://leetcode.com/problems/regular-expression-matching/,FALSE,28.00%,Hard
11,Container With Most Water,https://leetcode.com/problems/container-with-most-water/,FALSE,54.00%,Medium
12,Integer to Roman,https://leetcode.com/problems/integer-to-roman/,FALSE,62.30%,Medium
13,Roman to Integer,https://leetcode.com/problems/roman-to-integer/,FALSE,58.60%,Easy
14,Longest Common Prefix,https://leetcode.com/problems/longest-common-prefix/,FALSE,41.00%,Easy
15,3Sum,https://leetcode.com/problems/3sum/,FALSE,32.70%,Medium
16,3Sum Closest,https://leetcode.com/problems/3sum-closest/,FALSE,45.60%,Medium
17,Letter Combinations of a Phone Number,https://leetcode.com/problems/letter-combinations-of-a-phone-number/,FALSE,56.90%,Medium
18,4Sum,https://leetcode.com/problems/4sum/,FALSE,35.80%,Medium
19,Remove Nth Node From End of List,https://leetcode.com/problems/remove-nth-node-from-end-of-list/,FALSE,41.50%,Medium
20,Valid Parentheses,https://leetcode.com/problems/valid-parentheses/,FALSE,40.40%,Easy
21,Merge Two Sorted Lists,https://leetcode.com/problems/merge-two-sorted-lists/,FALSE,62.70%,Easy
22,Generate Parentheses,https://leetcode.com/problems/generate-parentheses/,FALSE,72.80%,Medium
23,Merge k Sorted Lists,https://leetcode.com/problems/merge-k-sorted-lists/,FALSE,50.10%,Hard
24,Swap Nodes in Pairs,https://leetcode.com/problems/swap-nodes-in-pairs/,FALSE,62.50%,Medium
25,Reverse Nodes in k-Group,https://leetcode.com/problems/reverse-nodes-in-k-group/,FALSE,55.10%,Hard
26,Remove Duplicates from Sorted Array,https://leetcode.com/problems/remove-duplicates-from-sorted-array/,FALSE,51.90%,Easy
27,Remove Element,https://leetcode.com/problems/remove-element/,FALSE,53.40%,Easy
28,Find the Index of the First Occurrence in a String,https://leetcode.com/problems/find-the-index-of-the-first-occurrence-in-a-string/,FALSE,39.50%,Easy
29,Divide Two Integers,https://leetcode.com/problems/divide-two-integers/,FALSE,17.10%,Medium
30,Substring with Concatenation of All Words,https://leetcode.com/problems/substring-with-concatenation-of-all-words/,FALSE,31.40%,Hard
31,Next Permutation,https://leetcode.com/problems/next-permutation/,FALSE,37.80%,Medium
32,Longest Valid Parentheses,https://leetcode.com/problems/longest-valid-parentheses/,FALSE,32.90%,Hard
33,Search in Rotated Sorted Array,https://leetcode.com/problems/search-in-rotated-sorted-array/,FALSE,39.10%,Medium
34,Find First and Last Position of Element in Sorted Array,https://leetcode.com/problems/find-first-and-last-position-of-element-in-sorted-array/,FALSE,42.00%,Medium
35,Search Insert Position,https://leetcode.com/problems/search-insert-position/,FALSE,43.70%,Easy
36,Valid Sudoku,https://leetcode.com/problems/valid-sudoku/,FALSE,58.30%,Medium
37,Sudoku Solver,https://leetcode.com/problems/sudoku-solver/,FALSE,58.10%,Hard
38,Count and Say,https://leetcode.com/problems/count-and-say/,FALSE,52.40%,Medium
39,Combination Sum,https://leetcode.com/problems/combination-sum/,FALSE,68.90%,Medium
40,Combination Sum II,https://leetcode.com/problems/combination-sum-ii/,FALSE,53.50%,Medium
41,First Missing Positive,https://leetcode.com/problems/first-missing-positive/,FALSE,36.80%,Hard
42,Trapping Rain Water,https://leetcode.com/problems/trapping-rain-water/,FALSE,59.40%,Hard
43,Multiply Strings,https://leetcode.com/problems/multiply-strings/,FALSE,39.30%,Medium
44,Wildcard Matching,https://leetcode.com/problems/wildcard-matching/,FALSE,27.00%,Hard
45,Jump Game II,https://leetcode.com/problems/jump-game-ii/,FALSE,39.90%,Medium
46,Permutations,https://leetcode.com/problems/permutations/,FALSE,75.90%,Medium
47,Permutations II,https://leetcode.com/problems/permutations-ii/,FALSE,57.50%,Medium
48,Rotate Image,https://leetcode.com/problems/rotate-image/,FALSE,71.40%,Medium
49,Group Anagrams,https://leetcode.com/problems/group-anagrams/,FALSE,66.80%,Medium
50,"Pow(x, n)",https://leetcode.com/problems/powx-n/,FALSE,33.20%,Medium
51,N-Queens,https://leetcode.com/problems/n-queens/,FALSE,64.70%,Hard
52,N-Queens II,https://leetcode.com/problems/n-queens-ii/,FALSE,71.90%,Hard
53,Maximum Subarray,https://leetcode.com/problems/maximum-subarray/,FALSE,50.20%,Medium
54,Spiral Matrix,https://leetcode.com/problems/spiral-matrix/,FALSE,46.40%,Medium
55,Jump Game,https://leetcode.com/problems/jump-game/,FALSE,38.90%,Medium
56,Merge Intervals,https://leetcode.com/problems/merge-intervals/,FALSE,46.30%,Medium
57,Insert Interval,https://leetcode.com/problems/insert-interval/,FALSE,39.10%,Medium
58,Length of Last Word,https://leetcode.com/problems/length-of-last-word/,FALSE,43.80%,Easy
59,Spiral Matrix II,https://leetcode.com/problems/spiral-matrix-ii/,FALSE,69.70%,Medium
60,Permutation Sequence,https://leetcode.com/problems/permutation-sequence/,FALSE,44.60%,Hard
61,Rotate List,https://leetcode.com/problems/rotate-list/,FALSE,36.20%,Medium
62,Unique Paths,https://leetcode.com/problems/unique-paths/,FALSE,62.80%,Medium
63,Unique Paths II,https://leetcode.com/problems/unique-paths-ii/,FALSE,39.50%,Medium
64,Minimum Path Sum,https://leetcode.com/problems/minimum-path-sum/,FALSE,62.20%,Medium
65,Valid Number,https://leetcode.com/problems/valid-number/,FALSE,18.80%,Hard
66,Plus One,https://leetcode.com/problems/plus-one/,FALSE,43.80%,Easy
67,Add Binary,https://leetcode.com/problems/add-binary/,FALSE,52.40%,Easy
68,Text Justification,https://leetcode.com/problems/text-justification/,FALSE,37.70%,Hard
69,Sqrt(x),https://leetcode.com/problems/sqrtx/,FALSE,37.50%,Easy
70,Climbing Stairs,https://leetcode.com/problems/climbing-stairs/,FALSE,52.20%,Easy
71,Simplify Path,https://leetcode.com/problems/simplify-path/,FALSE,40.60%,Medium
72,Edit Distance,https://leetcode.com/problems/edit-distance/,FALSE,54.70%,Hard
73,Set Matrix Zeroes,https://leetcode.com/problems/set-matrix-zeroes/,FALSE,51.80%,Medium
74,Search a 2D Matrix,https://leetcode.com/problems/search-a-2d-matrix/,FALSE,48.00%,Medium
75,Sort Colors,https://leetcode.com/problems/sort-colors/,FALSE,59.00%,Medium
76,Minimum Window Substring,https://leetcode.com/problems/minimum-window-substring/,FALSE,41.00%,Hard
77,Combinations,https://leetcode.com/problems/combinations/,FALSE,67.30%,Medium
78,Subsets,https://leetcode.com/problems/subsets/,FALSE,75.20%,Medium
79,Word Search,https://leetcode.com/problems/word-search/,FALSE,40.30%,Medium
80,Remove Duplicates from Sorted Array II,https://leetcode.com/problems/remove-duplicates-from-sorted-array-ii/,FALSE,52.90%,Medium
81,Search in Rotated Sorted Array II,https://leetcode.com/problems/search-in-rotated-sorted-array-ii/,FALSE,35.70%,Medium
82,Remove Duplicates from Sorted List II,https://leetcode.com/problems/remove-duplicates-from-sorted-list-ii/,FALSE,46.10%,Medium
83,Remove Duplicates from Sorted List,https://leetcode.com/problems/remove-duplicates-from-sorted-list/,FALSE,50.80%,Easy
84,Largest Rectangle in Histogram,https://leetcode.com/problems/largest-rectangle-in-histogram/,FALSE,42.80%,Hard
85,Maximal Rectangle,https://leetcode.com/problems/maximal-rectangle/,FALSE,45.00%,Hard
86,Partition List,https://leetcode.com/problems/partition-list/,FALSE,52.20%,Medium
87,Scramble String,https://leetcode.com/problems/scramble-string/,FALSE,39.10%,Hard
88,Merge Sorted Array,https://leetcode.com/problems/merge-sorted-array/,FALSE,47.00%,Easy
89,Gray Code,https://leetcode.com/problems/gray-code/,FALSE,57.40%,Medium
90,Subsets II,https://leetcode.com/problems/subsets-ii/,FALSE,56.10%,Medium
91,Decode Ways,https://leetcode.com/problems/decode-ways/,FALSE,32.90%,Medium
92,Reverse Linked List II,https://leetcode.com/problems/reverse-linked-list-ii/,FALSE,45.50%,Medium
93,Restore IP Addresses,https://leetcode.com/problems/restore-ip-addresses/,FALSE,47.70%,Medium
94,Binary Tree Inorder Traversal,https://leetcode.com/problems/binary-tree-inorder-traversal/,FALSE,74.00%,Easy
95,Unique Binary Search Trees II,https://leetcode.com/problems/unique-binary-search-trees-ii/,FALSE,52.70%,Medium
96,Unique Binary Search Trees,https://leetcode.com/problems/unique-binary-search-trees/,FALSE,59.80%,Medium
97,Interleaving String,https://leetcode.com/problems/interleaving-string/,FALSE,37.40%,Medium
98,Validate Binary Search Tree,https://leetcode.com/problems/validate-binary-search-tree/,FALSE,32.10%,Medium
99,Recover Binary Search Tree,https://leetcode.com/problems/recover-binary-search-tree/,FALSE,51.30%,Medium
100,Same Tree,https://leetcode.com/problems/same-tree/,FALSE,58.50%,Easy
101,Symmetric Tree,https://leetcode.com/problems/symmetric-tree/,FALSE,54.60%,Easy
102,Binary Tree Level Order Traversal,https://leetcode.com/problems/binary-tree-level-order-traversal/,FALSE,64.70%,Medium
103,Binary Tree Zigzag Level Order Traversal,https://leetcode.com/problems/binary-tree-zigzag-level-order-traversal/,FALSE,57.10%,Medium
104,Maximum Depth of Binary Tree,https://leetcode.com/problems/maximum-depth-of-binary-tree/,FALSE,74.00%,Easy
105,Construct Binary Tree from Preorder and Inorder Traversal,https://leetcode.com/problems/construct-binary-tree-from-preorder-and-inorder-traversal/,FALSE,61.80%,Medium
106,Construct Binary Tree from Inorder and Postorder Traversal,https://leetcode.com/problems/construct-binary-tree-from-inorder-and-postorder-traversal/,FALSE,60.30%,Medium
107,Binary Tree Level Order Traversal II,https://leetcode.com/problems/binary-tree-level-order-traversal-ii/,FALSE,61.40%,Medium
108,Convert Sorted Array to Binary Search Tree,https://leetcode.com/problems/convert-sorted-array-to-binary-search-tree/,FALSE,70.10%,Easy
109,Convert Sorted List to Binary Search Tree,https://leetcode.com/problems/convert-sorted-list-to-binary-search-tree/,FALSE,60.40%,Medium
110,Balanced Binary Tree,https://leetcode.com/problems/balanced-binary-tree/,FALSE,49.40%,Easy
111,Minimum Depth of Binary Tree,https://leetcode.com/problems/minimum-depth-of-binary-tree/,FALSE,44.70%,Easy
112,Path Sum,https://leetcode.com/problems/path-sum/,FALSE,48.50%,Easy
113,Path Sum II,https://leetcode.com/problems/path-sum-ii/,FALSE,57.20%,Medium
114,Flatten Binary Tree to Linked List,https://leetcode.com/problems/flatten-binary-tree-to-linked-list/,FALSE,62.10%,Medium
115,Distinct Subsequences,https://leetcode.com/problems/distinct-subsequences/,FALSE,44.80%,Hard
116,Populating Next Right Pointers in Each Node,https://leetcode.com/problems/populating-next-right-pointers-in-each-node/,FALSE,60.70%,Medium
117,Populating Next Right Pointers in Each Node II,https://leetcode.com/problems/populating-next-right-pointers-in-each-node-ii/,FALSE,50.50%,Medium
118,Pascal's Triangle,https://leetcode.com/problems/pascals-triangle/,FALSE,71.20%,Easy
119,Pascal's Triangle II,https://leetcode.com/problems/pascals-triangle-ii/,FALSE,61.10%,Easy
120,Triangle,https://leetcode.com/problems/triangle/,FALSE,54.70%,Medium
121,Best Time to Buy and Sell Stock,https://leetcode.com/problems/best-time-to-buy-and-sell-stock/,FALSE,54.20%,Easy
122,Best Time to Buy and Sell Stock II,https://leetcode.com/problems/best-time-to-buy-and-sell-stock-ii/,FALSE,64.10%,Medium
123,Best Time to Buy and Sell Stock III,https://leetcode.com/problems/best-time-to-buy-and-sell-stock-iii/,FALSE,45.80%,Hard
124,Binary Tree Maximum Path Sum,https://leetcode.com/problems/binary-tree-maximum-path-sum/,FALSE,39.30%,Hard
125,Valid Palindrome,https://leetcode.com/problems/valid-palindrome/,FALSE,44.70%,Easy
126,Word Ladder II,https://leetcode.com/problems/word-ladder-ii/,FALSE,27.50%,Hard
127,Word Ladder,https://leetcode.com/problems/word-ladder/,FALSE,37.30%,Hard
128,Longest Consecutive Sequence,https://leetcode.com/problems/longest-consecutive-sequence/,FALSE,48.30%,Medium
129,Sum Root to Leaf Numbers,https://leetcode.com/problems/sum-root-to-leaf-numbers/,FALSE,61.20%,Medium
130,Surrounded Regions,https://leetcode.com/problems/surrounded-regions/,FALSE,37.10%,Medium
131,Palindrome Partitioning,https://leetcode.com/problems/palindrome-partitioning/,FALSE,65.20%,Medium
132,Palindrome Partitioning II,https://leetcode.com/problems/palindrome-partitioning-ii/,FALSE,33.80%,Hard
133,Clone Graph,https://leetcode.com/problems/clone-graph/,FALSE,53.40%,Medium
134,Gas Station,https://leetcode.com/problems/gas-station/,FALSE,46.10%,Medium
135,Candy,https://leetcode.com/problems/candy/,FALSE,41.10%,Hard
136,Single Number,https://leetcode.com/problems/single-number/,FALSE,70.90%,Easy
137,Single Number II,https://leetcode.com/problems/single-number-ii/,FALSE,58.70%,Medium
138,Copy List with Random Pointer,https://leetcode.com/problems/copy-list-with-random-pointer/,FALSE,51.70%,Medium
139,Word Break,https://leetcode.com/problems/word-break/,FALSE,45.60%,Medium
140,Word Break II,https://leetcode.com/problems/word-break-ii/,FALSE,45.50%,Hard
141,Linked List Cycle,https://leetcode.com/problems/linked-list-cycle/,FALSE,47.70%,Easy
142,Linked List Cycle II,https://leetcode.com/problems/linked-list-cycle-ii/,FALSE,49.10%,Medium
143,Reorder List,https://leetcode.com/problems/reorder-list/,FALSE,53.10%,Medium
144,Binary Tree Preorder Traversal,https://leetcode.com/problems/binary-tree-preorder-traversal/,FALSE,67.20%,Easy
145,Binary Tree Postorder Traversal,https://leetcode.com/problems/binary-tree-postorder-traversal/,FALSE,68.40%,Easy
146,LRU Cache,https://leetcode.com/problems/lru-cache/,FALSE,40.80%,Medium
147,Insertion Sort List,https://leetcode.com/problems/insertion-sort-list/,FALSE,51.30%,Medium
148,Sort List,https://leetcode.com/problems/sort-list/,FALSE,55.50%,Medium
149,Max Points on a Line,https://leetcode.com/problems/max-points-on-a-line/,FALSE,25.30%,Hard
150,Evaluate Reverse Polish Notation,https://leetcode.com/problems/evaluate-reverse-polish-notation/,FALSE,46.30%,Medium
151,Reverse Words in a String,https://leetcode.com/problems/reverse-words-in-a-string/,FALSE,33.50%,Medium
152,Maximum Product Subarray,https://leetcode.com/problems/maximum-product-subarray/,FALSE,34.90%,Medium
153,Find Minimum in Rotated Sorted Array,https://leetcode.com/problems/find-minimum-in-rotated-sorted-array/,FALSE,49.00%,Medium
154,Find Minimum in Rotated Sorted Array II,https://leetcode.com/problems/find-minimum-in-rotated-sorted-array-ii/,FALSE,43.50%,Hard
155,Min Stack,https://leetcode.com/problems/min-stack/,FALSE,52.50%,Medium
156,Binary Tree Upside Down,https://leetcode.com/problems/binary-tree-upside-down/,TRUE,62.10%,Medium
157,Read N Characters Given Read4,https://leetcode.com/problems/read-n-characters-given-read4/,TRUE,41.00%,Easy
158,Read N Characters Given read4 II - Call Multiple Times,https://leetcode.com/problems/read-n-characters-given-read4-ii-call-multiple-times/,TRUE,41.70%,Hard
159,Longest Substring with At Most Two Distinct Characters,https://leetcode.com/problems/longest-substring-with-at-most-two-distinct-characters/,TRUE,53.90%,Medium
160,Intersection of Two Linked Lists,https://leetcode.com/problems/intersection-of-two-linked-lists/,FALSE,54.70%,Easy
161,One Edit Distance,https://leetcode.com/problems/one-edit-distance/,TRUE,34.20%,Medium
162,Find Peak Element,https://leetcode.com/problems/find-peak-element/,FALSE,45.90%,Medium
163,Missing Ranges,https://leetcode.com/problems/missing-ranges/,TRUE,32.30%,Easy
164,Maximum Gap,https://leetcode.com/problems/maximum-gap/,FALSE,43.60%,Hard
165,Compare Version Numbers,https://leetcode.com/problems/compare-version-numbers/,FALSE,35.80%,Medium
166,Fraction to Recurring Decimal,https://leetcode.com/problems/fraction-to-recurring-decimal/,FALSE,24.40%,Medium
167,Two Sum II - Input Array Is Sorted,https://leetcode.com/problems/two-sum-ii-input-array-is-sorted/,FALSE,60.10%,Medium
168,Excel Sheet Column Title,https://leetcode.com/problems/excel-sheet-column-title/,FALSE,35.80%,Easy
169,Majority Element,https://leetcode.com/problems/majority-element/,FALSE,63.90%,Easy
170,Two Sum III - Data structure design,https://leetcode.com/problems/two-sum-iii-data-structure-design/,TRUE,37.60%,Easy
171,Excel Sheet Column Number,https://leetcode.com/problems/excel-sheet-column-number/,FALSE,62.30%,Easy
172,Factorial Trailing Zeroes,https://leetcode.com/problems/factorial-trailing-zeroes/,FALSE,42.30%,Medium
173,Binary Search Tree Iterator,https://leetcode.com/problems/binary-search-tree-iterator/,FALSE,70.00%,Medium
174,Dungeon Game,https://leetcode.com/problems/dungeon-game/,FALSE,37.50%,Hard
179,Largest Number,https://leetcode.com/problems/largest-number/,FALSE,34.80%,Medium
186,Reverse Words in a String II,https://leetcode.com/problems/reverse-words-in-a-string-ii/,TRUE,53.10%,Medium
187,Repeated DNA Sequences,https://leetcode.com/problems/repeated-dna-sequences/,FALSE,47.20%,Medium
188,Best Time to Buy and Sell Stock IV,https://leetcode.com/problems/best-time-to-buy-and-sell-stock-iv/,FALSE,39.30%,Hard
189,Rotate Array,https://leetcode.com/problems/rotate-array/,FALSE,39.50%,Medium
190,Reverse Bits,https://leetcode.com/problems/reverse-bits/,FALSE,54.60%,Easy
191,Number of 1 Bits,https://leetcode.com/problems/number-of-1-bits/,FALSE,67.10%,Easy
198,House Robber,https://leetcode.com/problems/house-robber/,FALSE,49.60%,Medium
199,Binary Tree Right Side View,https://leetcode.com/problems/binary-tree-right-side-view/,FALSE,61.80%,Medium
200,Number of Islands,https://leetcode.com/problems/number-of-islands/,FALSE,57.20%,Medium
201,Bitwise AND of Numbers Range,https://leetcode.com/problems/bitwise-and-of-numbers-range/,FALSE,42.50%,Medium
202,Happy Number,https://leetcode.com/problems/happy-number/,FALSE,54.90%,Easy
203,Remove Linked List Elements,https://leetcode.com/problems/remove-linked-list-elements/,FALSE,46.40%,Easy
204,Count Primes,https://leetcode.com/problems/count-primes/,FALSE,33.10%,Medium
205,Isomorphic Strings,https://leetcode.com/problems/isomorphic-strings/,FALSE,43.10%,Easy
206,Reverse Linked List,https://leetcode.com/problems/reverse-linked-list/,FALSE,73.90%,Easy
207,Course Schedule,https://leetcode.com/problems/course-schedule/,FALSE,45.40%,Medium
208,Implement Trie (Prefix Tree),https://leetcode.com/problems/implement-trie-prefix-tree/,FALSE,63.00%,Medium
209,Minimum Size Subarray Sum,https://leetcode.com/problems/minimum-size-subarray-sum/,FALSE,45.20%,Medium
210,Course Schedule II,https://leetcode.com/problems/course-schedule-ii/,FALSE,48.70%,Medium
211,Design Add and Search Words Data Structure,https://leetcode.com/problems/design-add-and-search-words-data-structure/,FALSE,44.10%,Medium
212,Word Search II,https://leetcode.com/problems/word-search-ii/,FALSE,36.30%,Hard
213,House Robber II,https://leetcode.com/problems/house-robber-ii/,FALSE,41.20%,Medium
214,Shortest Palindrome,https://leetcode.com/problems/shortest-palindrome/,FALSE,32.40%,Hard
215,Kth Largest Element in an Array,https://leetcode.com/problems/kth-largest-element-in-an-array/,FALSE,66.40%,Medium
216,Combination Sum III,https://leetcode.com/problems/combination-sum-iii/,FALSE,67.80%,Medium
217,Contains Duplicate,https://leetcode.com/problems/contains-duplicate/,FALSE,61.30%,Easy
218,The Skyline Problem,https://leetcode.com/problems/the-skyline-problem/,FALSE,42.00%,Hard
219,Contains Duplicate II,https://leetcode.com/problems/contains-duplicate-ii/,FALSE,42.70%,Easy
220,Contains Duplicate III,https://leetcode.com/problems/contains-duplicate-iii/,FALSE,22.20%,Hard
221,Maximal Square,https://leetcode.com/problems/maximal-square/,FALSE,45.10%,Medium
222,Count Complete Tree Nodes,https://leetcode.com/problems/count-complete-tree-nodes/,FALSE,60.90%,Medium
223,Rectangle Area,https://leetcode.com/problems/rectangle-area/,FALSE,45.20%,Medium
224,Basic Calculator,https://leetcode.com/problems/basic-calculator/,FALSE,42.50%,Hard
225,Implement Stack using Queues,https://leetcode.com/problems/implement-stack-using-queues/,FALSE,59.00%,Easy
226,Invert Binary Tree,https://leetcode.com/problems/invert-binary-tree/,FALSE,75.00%,Easy
227,Basic Calculator II,https://leetcode.com/problems/basic-calculator-ii/,FALSE,42.50%,Medium
228,Summary Ranges,https://leetcode.com/problems/summary-ranges/,FALSE,47.40%,Easy
229,Majority Element II,https://leetcode.com/problems/majority-element-ii/,FALSE,45.50%,Medium
230,Kth Smallest Element in a BST,https://leetcode.com/problems/kth-smallest-element-in-a-bst/,FALSE,70.40%,Medium
231,Power of Two,https://leetcode.com/problems/power-of-two/,FALSE,46.10%,Easy
232,Implement Queue using Stacks,https://leetcode.com/problems/implement-queue-using-stacks/,FALSE,63.50%,Easy
233,Number of Digit One,https://leetcode.com/problems/number-of-digit-one/,FALSE,33.90%,Hard
234,Palindrome Linked List,https://leetcode.com/problems/palindrome-linked-list/,FALSE,50.40%,Easy
235,Lowest Common Ancestor of a Binary Search Tree,https://leetcode.com/problems/lowest-common-ancestor-of-a-binary-search-tree/,FALSE,62.00%,Medium
236,Lowest Common Ancestor of a Binary Tree,https://leetcode.com/problems/lowest-common-ancestor-of-a-binary-tree/,FALSE,59.10%,Medium
237,Delete Node in a Linked List,https://leetcode.com/problems/delete-node-in-a-linked-list/,FALSE,76.30%,Medium
238,Product of Array Except Self,https://leetcode.com/problems/product-of-array-except-self/,FALSE,65.10%,Medium
239,Sliding Window Maximum,https://leetcode.com/problems/sliding-window-maximum/,FALSE,46.20%,Hard
240,Search a 2D Matrix II,https://leetcode.com/problems/search-a-2d-matrix-ii/,FALSE,51.20%,Medium
241,Different Ways to Add Parentheses,https://leetcode.com/problems/different-ways-to-add-parentheses/,FALSE,64.10%,Medium
242,Valid Anagram,https://leetcode.com/problems/valid-anagram/,FALSE,63.10%,Easy
243,Shortest Word Distance,https://leetcode.com/problems/shortest-word-distance/,TRUE,65.10%,Easy
244,Shortest Word Distance II,https://leetcode.com/problems/shortest-word-distance-ii/,TRUE,60.90%,Medium
245,Shortest Word Distance III,https://leetcode.com/problems/shortest-word-distance-iii/,TRUE,58.20%,Medium
246,Strobogrammatic Number,https://leetcode.com/problems/strobogrammatic-number/,TRUE,47.70%,Easy
247,Strobogrammatic Number II,https://leetcode.com/problems/strobogrammatic-number-ii/,TRUE,51.60%,Medium
248,Strobogrammatic Number III,https://leetcode.com/problems/strobogrammatic-number-iii/,TRUE,42.00%,Hard
249,Group Shifted Strings,https://leetcode.com/problems/group-shifted-strings/,TRUE,64.30%,Medium
250,Count Univalue Subtrees,https://leetcode.com/problems/count-univalue-subtrees/,TRUE,55.50%,Medium
251,Flatten 2D Vector,https://leetcode.com/problems/flatten-2d-vector/,TRUE,49.20%,Medium
252,Meeting Rooms,https://leetcode.com/problems/meeting-rooms/,TRUE,57.40%,Easy
253,Meeting Rooms II,https://leetcode.com/problems/meeting-rooms-ii/,TRUE,50.60%,Medium
254,Factor Combinations,https://leetcode.com/problems/factor-combinations/,TRUE,49.10%,Medium
255,Verify Preorder Sequence in Binary Search Tree,https://leetcode.com/problems/verify-preorder-sequence-in-binary-search-tree/,TRUE,48.30%,Medium
256,Paint House,https://leetcode.com/problems/paint-house/,TRUE,61.20%,Medium
257,Binary Tree Paths,https://leetcode.com/problems/binary-tree-paths/,FALSE,61.70%,Easy
258,Add Digits,https://leetcode.com/problems/add-digits/,FALSE,65.70%,Easy
259,3Sum Smaller,https://leetcode.com/problems/3sum-smaller/,TRUE,50.60%,Medium
260,Single Number III,https://leetcode.com/problems/single-number-iii/,FALSE,67.70%,Medium
261,Graph Valid Tree,https://leetcode.com/problems/graph-valid-tree/,TRUE,47.20%,Medium
263,Ugly Number,https://leetcode.com/problems/ugly-number/,FALSE,42.20%,Easy
264,Ugly Number II,https://leetcode.com/problems/ugly-number-ii/,FALSE,46.20%,Medium
265,Paint House II,https://leetcode.com/problems/paint-house-ii/,TRUE,53.50%,Hard
266,Palindrome Permutation,https://leetcode.com/problems/palindrome-permutation/,TRUE,66.10%,Easy
267,Palindrome Permutation II,https://leetcode.com/problems/palindrome-permutation-ii/,TRUE,40.80%,Medium
268,Missing Number,https://leetcode.com/problems/missing-number/,FALSE,62.90%,Easy
269,Alien Dictionary,https://leetcode.com/problems/alien-dictionary/,TRUE,35.30%,Hard
270,Closest Binary Search Tree Value,https://leetcode.com/problems/closest-binary-search-tree-value/,TRUE,54.40%,Easy
271,Encode and Decode Strings,https://leetcode.com/problems/encode-and-decode-strings/,TRUE,43.30%,Medium
272,Closest Binary Search Tree Value II,https://leetcode.com/problems/closest-binary-search-tree-value-ii/,TRUE,58.50%,Hard
273,Integer to English Words,https://leetcode.com/problems/integer-to-english-words/,FALSE,30.00%,Hard
274,H-Index,https://leetcode.com/problems/h-index/,FALSE,38.40%,Medium
275,H-Index II,https://leetcode.com/problems/h-index-ii/,FALSE,37.60%,Medium
276,Paint Fence,https://leetcode.com/problems/paint-fence/,TRUE,44.70%,Medium
277,Find the Celebrity,https://leetcode.com/problems/find-the-celebrity/,TRUE,46.70%,Medium
278,First Bad Version,https://leetcode.com/problems/first-bad-version/,FALSE,43.50%,Easy
279,Perfect Squares,https://leetcode.com/problems/perfect-squares/,FALSE,52.70%,Medium
280,Wiggle Sort,https://leetcode.com/problems/wiggle-sort/,TRUE,67.10%,Medium
281,Zigzag Iterator,https://leetcode.com/problems/zigzag-iterator/,TRUE,62.90%,Medium
282,Expression Add Operators,https://leetcode.com/problems/expression-add-operators/,FALSE,39.20%,Hard
283,Move Zeroes,https://leetcode.com/problems/move-zeroes/,FALSE,61.40%,Easy
284,Peeking Iterator,https://leetcode.com/problems/peeking-iterator/,FALSE,58.70%,Medium
285,Inorder Successor in BST,https://leetcode.com/problems/inorder-successor-in-bst/,TRUE,48.80%,Medium
286,Walls and Gates,https://leetcode.com/problems/walls-and-gates/,TRUE,60.50%,Medium
287,Find the Duplicate Number,https://leetcode.com/problems/find-the-duplicate-number/,FALSE,59.10%,Medium
288,Unique Word Abbreviation,https://leetcode.com/problems/unique-word-abbreviation/,TRUE,25.70%,Medium
289,Game of Life,https://leetcode.com/problems/game-of-life/,FALSE,67.40%,Medium
290,Word Pattern,https://leetcode.com/problems/word-pattern/,FALSE,41.70%,Easy
291,Word Pattern II,https://leetcode.com/problems/word-pattern-ii/,TRUE,47.10%,Medium
292,Nim Game,https://leetcode.com/problems/nim-game/,FALSE,56.20%,Easy
293,Flip Game,https://leetcode.com/problems/flip-game/,TRUE,63.30%,Easy
294,Flip Game II,https://leetcode.com/problems/flip-game-ii/,TRUE,51.90%,Medium
295,Find Median from Data Stream,https://leetcode.com/problems/find-median-from-data-stream/,FALSE,51.40%,Hard
296,Best Meeting Point,https://leetcode.com/problems/best-meeting-point/,TRUE,60.10%,Hard
297,Serialize and Deserialize Binary Tree,https://leetcode.com/problems/serialize-and-deserialize-binary-tree/,FALSE,55.50%,Hard
298,Binary Tree Longest Consecutive Sequence,https://leetcode.com/problems/binary-tree-longest-consecutive-sequence/,TRUE,52.90%,Medium
299,Bulls and Cows,https://leetcode.com/problems/bulls-and-cows/,FALSE,49.60%,Medium
300,Longest Increasing Subsequence,https://leetcode.com/problems/longest-increasing-subsequence/,FALSE,52.40%,Medium
